Trade #,Type,Date and time,Signal,Price USD,Size (qty),Size (value),Net P&L USD,Net P&L %,Favorable excursion USD,Favorable excursion %,Adverse excursion USD,Adverse excursion %,Cumulative P&L USD,Cumulative P&L %
1,Exit short,2026-03-31 12:16,stop,6440.73,1,6428.3,-17.43,-0.27,5.78,0.09,-14.93,-0.23,-17.43,-0.07
1,Entry short,2026-03-31 11:31,S,6428.3,1,6428.3,-17.43,-0.27,5.78,0.09,-14.93,-0.23,-17.43,-0.07
2,Exit long,2026-03-31 14:02,target,6498.93,1,6496.52,-2.59,-0.04,0,0.00,-2.53,-0.04,-20.02,-0.08
2,Entry long,2026-03-31 14:02,L,6496.52,1,6496.52,-2.59,-0.04,0,0.00,-2.53,-0.04,-20.02,-0.08
3,Exit long,2026-03-31 14:06,target,6498.93,1,6498.1,-4.17,-0.06,0,0.00,-2.51,-0.04,-24.19,-0.10
3,Entry long,2026-03-31 14:06,L,6498.1,1,6498.1,-4.17,-0.06,0,0.00,-2.51,-0.04,-24.19,-0.10
4,Exit long,2026-03-31 14:16,target,6502.64,1,6499.93,-2.29,-0.04,0.21,0.00,-2.89,-0.04,-26.48,-0.11
4,Entry long,2026-03-31 14:15,L,6499.93,1,6499.93,-2.29,-0.04,0.21,0.00,-2.89,-0.04,-26.48,-0.11
5,Exit long,2026-03-31 14:36,target,6505.28,1,6501.89,-1.61,-0.02,0.89,0.01,-7.13,-0.11,-28.09,-0.11
5,Entry long,2026-03-31 14:29,L,6501.89,1,6501.89,-1.61,-0.02,0.89,0.01,-7.13,-0.11,-28.09,-0.11
6,Exit long,2026-03-31 15:11,target,6516.22,1,6514.97,-3.75,-0.06,0,0.00,-3.05,-0.05,-31.84,-0.13
6,Entry long,2026-03-31 15:11,L,6514.97,1,6514.97,-3.75,-0.06,0,0.00,-3.05,-0.05,-31.84,-0.13
7,Exit long,2026-04-01 10:39,target,6580.22,1,6572.29,2.93,0.04,5.43,0.08,-2.52,-0.04,-28.91,-0.12
7,Entry long,2026-04-01 10:39,L,6572.29,1,6572.29,2.93,0.04,5.43,0.08,-2.52,-0.04,-28.91,-0.12
8,Exit long,2026-04-01 10:42,target,6580.22,1,6578.48,-3.26,-0.05,0,0.00,-9.81,-0.15,-32.17,-0.13
8,Entry long,2026-04-01 10:40,L,6578.48,1,6578.48,-3.26,-0.05,0,0.00,-9.81,-0.15,-32.17,-0.13
9,Exit long,2026-04-01 12:57,target,6604.29,1,6602.05,-2.76,-0.04,0,0.00,-4.02,-0.06,-34.93,-0.14
9,Entry long,2026-04-01 12:37,L,6602.05,1,6602.05,-2.76,-0.04,0,0.00,-4.02,-0.06,-34.93,-0.14
10,Exit short,2026-04-01 15:08,stop,6577.83,1,6572.72,-10.11,-0.15,4.01,0.06,-7.61,-0.12,-45.04,-0.18
10,Entry short,2026-04-01 14:45,S,6572.72,1,6572.72,-10.11,-0.15,4.01,0.06,-7.61,-0.12,-45.04,-0.18
11,Exit short,2026-04-02 10:06,stop,6522.25,1,6515.38,-11.87,-0.18,2.6,0.04,-9.37,-0.14,-56.91,-0.23
11,Entry short,2026-04-02 10:03,S,6515.38,1,6515.38,-11.87,-0.18,2.6,0.04,-9.37,-0.14,-56.91,-0.23
12,Exit short,2026-04-02 10:15,stop,6521.67,1,6520.54,-6.13,-0.09,0,0.00,-3.63,-0.06,-63.04,-0.25
12,Entry short,2026-04-02 10:15,S,6520.54,1,6520.54,-6.13,-0.09,0,0.00,-3.63,-0.06,-63.04,-0.25
13,Exit long,2026-04-02 11:37,target,6582.41,1,6577.08,0.33,0.01,2.83,0.04,-11.38,-0.17,-62.71,-0.25
13,Entry long,2026-04-02 11:28,L,6577.08,1,6577.08,0.33,0.01,2.83,0.04,-11.38,-0.17,-62.71,-0.25
14,Exit long,2026-04-02 11:45,stop,6571.34,1,6576.6,-10.26,-0.16,0,0.00,-7.76,-0.12,-72.97,-0.29
14,Entry long,2026-04-02 11:45,L,6576.6,1,6576.6,-10.26,-0.16,0,0.00,-7.76,-0.12,-72.97,-0.29
15,Exit long,2026-04-02 13:08,stop,6561.36,1,6562.95,-6.59,-0.10,0,0.00,-4.09,-0.06,-79.56,-0.32
15,Entry long,2026-04-02 13:08,L,6562.95,1,6562.95,-6.59,-0.10,0,0.00,-4.09,-0.06,-79.56,-0.32
16,Exit long,2026-04-02 13:16,target,6571.49,1,6566.13,0.36,0.01,2.86,0.04,-2.61,-0.04,-79.2,-0.32
16,Entry long,2026-04-02 13:14,L,6566.13,1,6566.13,0.36,0.01,2.86,0.04,-2.61,-0.04,-79.2,-0.32
17,Exit short,2026-04-02 14:40,stop,6563.73,1,6558.71,-10.02,-0.15,0,0.00,-7.52,-0.11,-89.22,-0.36
17,Entry short,2026-04-02 14:26,S,6558.71,1,6558.71,-10.02,-0.15,0,0.00,-7.52,-0.11,-89.22,-0.36
18,Exit long,2026-04-02 15:21,stop,6567.2,1,6569.3,-7.1,-0.11,0,0.00,-4.6,-0.07,-96.32,-0.39
18,Entry long,2026-04-02 15:20,L,6569.3,1,6569.3,-7.1,-0.11,0,0.00,-4.6,-0.07,-96.32,-0.39
19,Exit long,2026-04-02 15:28,stop,6566.26,1,6569.94,-8.68,-0.13,0,0.00,-6.18,-0.09,-105,-0.42
19,Entry long,2026-04-02 15:23,L,6569.94,1,6569.94,-8.68,-0.13,0,0.00,-6.18,-0.09,-105,-0.42
20,Exit long,2026-04-02 15:32,stop,6568.05,1,6569.42,-6.37,-0.10,0,0.00,-3.87,-0.06,-111.37,-0.45
20,Entry long,2026-04-02 15:32,L,6569.42,1,6569.42,-6.37,-0.10,0,0.00,-3.87,-0.06,-111.37,-0.45
21,Exit long,2026-04-02 15:40,target,6571.79,1,6571.51,-4.72,-0.07,0,0.00,-2.8,-0.04,-116.09,-0.46
21,Entry long,2026-04-02 15:40,L,6571.51,1,6571.51,-4.72,-0.07,0,0.00,-2.8,-0.04,-116.09,-0.46
22,Exit long,2026-04-02 15:50,target,6573.67,1,6569.87,-1.2,-0.02,1.3,0.02,-3.99,-0.06,-117.29,-0.47
22,Entry long,2026-04-02 15:48,L,6569.87,1,6569.87,-1.2,-0.02,1.3,0.02,-3.99,-0.06,-117.29,-0.47
23,Exit long,2026-04-02 15:55,target,6582.45,1,6577.37,0.08,0.00,2.58,0.04,-4.92,-0.07,-117.21,-0.47
23,Entry long,2026-04-02 15:51,L,6577.37,1,6577.37,0.08,0.00,2.58,0.04,-4.92,-0.07,-117.21,-0.47
24,Exit long,2026-04-06 11:33,stop,6588.65,1,6597.05,-13.4,-0.20,13.68,0.21,-10.9,-0.17,-130.61,-0.52
24,Entry long,2026-04-06 10:12,L,6597.05,1,6597.05,-13.4,-0.20,13.68,0.21,-10.9,-0.17,-130.61,-0.52
25,Exit long,2026-04-06 12:00,target,6603.32,1,6598.31,0.01,0.00,2.51,0.04,-3.93,-0.06,-130.6,-0.52
25,Entry long,2026-04-06 11:48,L,6598.31,1,6598.31,0.01,0.00,2.51,0.04,-3.93,-0.06,-130.6,-0.52
26,Exit long,2026-04-06 12:25,target,6601.37,1,6600.86,-4.49,-0.07,0,0.00,-2.51,-0.04,-135.09,-0.54
26,Entry long,2026-04-06 12:25,L,6600.86,1,6600.86,-4.49,-0.07,0,0.00,-2.51,-0.04,-135.09,-0.54
27,Exit short,2026-04-06 14:10,stop,6597,1,6595.14,-6.86,-0.10,6.12,0.09,-4.36,-0.07,-141.95,-0.57
27,Entry short,2026-04-06 13:41,S,6595.14,1,6595.14,-6.86,-0.10,6.12,0.09,-4.36,-0.07,-141.95,-0.57
28,Exit long,2026-04-06 15:22,stop,6603.84,1,6605.79,-6.95,-0.11,0,0.00,-4.45,-0.07,-148.9,-0.60
28,Entry long,2026-04-06 15:22,L,6605.79,1,6605.79,-6.95,-0.11,0,0.00,-4.45,-0.07,-148.9,-0.60
29,Exit long,2026-04-06 15:49,target,6608.79,1,6606.3,-2.51,-0.04,0,0.00,-2.89,-0.04,-151.41,-0.61
29,Entry long,2026-04-06 15:45,L,6606.3,1,6606.3,-2.51,-0.04,0,0.00,-2.89,-0.04,-151.41,-0.61
30,Exit short,2026-04-07 10:29,stop,6567.3,1,6561.78,-10.52,-0.16,0,0.00,-8.02,-0.12,-161.93,-0.65
30,Entry short,2026-04-07 10:29,S,6561.78,1,6561.78,-10.52,-0.16,0,0.00,-8.02,-0.12,-161.93,-0.65
31,Exit short,2026-04-07 10:46,stop,6567.53,1,6564.21,-8.32,-0.13,0.34,0.01,-5.82,-0.09,-170.25,-0.68
31,Entry short,2026-04-07 10:43,S,6564.21,1,6564.21,-8.32,-0.13,0.34,0.01,-5.82,-0.09,-170.25,-0.68
32,Exit short,2026-04-07 10:59,target,6553.29,1,6561.44,3.15,0.05,5.65,0.09,-4.85,-0.07,-167.1,-0.67
32,Entry short,2026-04-07 10:51,S,6561.44,1,6561.44,3.15,0.05,5.65,0.09,-4.85,-0.07,-167.1,-0.67
33,Exit short,2026-04-07 11:28,stop,6553,1,6548.41,-9.59,-0.15,0,0.00,-7.09,-0.11,-176.69,-0.71
33,Entry short,2026-04-07 11:25,S,6548.41,1,6548.41,-9.59,-0.15,0,0.00,-7.09,-0.11,-176.69,-0.71
34,Exit short,2026-04-07 11:44,stop,6553.98,1,6550.71,-8.27,-0.13,0,0.00,-5.77,-0.09,-184.96,-0.74
34,Entry short,2026-04-07 11:42,S,6550.71,1,6550.71,-8.27,-0.13,0,0.00,-5.77,-0.09,-184.96,-0.74
35,Exit short,2026-04-07 11:50,stop,6554.76,1,6552.04,-7.72,-0.12,0,0.00,-5.22,-0.08,-192.68,-0.77
35,Entry short,2026-04-07 11:49,S,6552.04,1,6552.04,-7.72,-0.12,0,0.00,-5.22,-0.08,-192.68,-0.77
36,Exit short,2026-04-07 11:53,stop,6553.22,1,6551.29,-6.93,-0.11,0,0.00,-4.43,-0.07,-199.61,-0.80
36,Entry short,2026-04-07 11:52,S,6551.29,1,6551.29,-6.93,-0.11,0,0.00,-4.43,-0.07,-199.61,-0.80
37,Exit long,2026-04-07 13:35,target,6591.87,1,6588.02,-1.15,-0.02,1.35,0.02,-2.89,-0.04,-200.76,-0.80
37,Entry long,2026-04-07 13:34,L,6588.02,1,6588.02,-1.15,-0.02,1.35,0.02,-2.89,-0.04,-200.76,-0.80
38,Exit long,2026-04-07 14:06,stop,6588.32,1,6592.32,-9,-0.14,1.3,0.02,-6.5,-0.10,-209.76,-0.84
38,Entry long,2026-04-07 13:51,L,6592.32,1,6592.32,-9,-0.14,1.3,0.02,-6.5,-0.10,-209.76,-0.84
39,Exit long,2026-04-07 14:24,stop,6587.75,1,6591.79,-9.04,-0.14,0,0.00,-6.54,-0.10,-218.8,-0.88
39,Entry long,2026-04-07 14:20,L,6591.79,1,6591.79,-9.04,-0.14,0,0.00,-6.54,-0.10,-218.8,-0.88
40,Exit long,2026-04-08 10:39,stop,6757.18,1,6761.64,-9.46,-0.14,0,0.00,-6.96,-0.10,-228.26,-0.91
40,Entry long,2026-04-08 10:38,L,6761.64,1,6761.64,-9.46,-0.14,0,0.00,-6.96,-0.10,-228.26,-0.91
41,Exit long,2026-04-08 11:03,target,6759.79,1,6759.8,-5.01,-0.07,0,0.00,-2.51,-0.04,-233.27,-0.93
41,Entry long,2026-04-08 11:03,L,6759.8,1,6759.8,-5.01,-0.07,0,0.00,-2.51,-0.04,-233.27,-0.93
42,Exit long,2026-04-08 11:17,stop,6754.34,1,6757.04,-7.7,-0.11,0,0.00,-5.2,-0.08,-240.97,-0.96
42,Entry long,2026-04-08 11:17,L,6757.04,1,6757.04,-7.7,-0.11,0,0.00,-5.2,-0.08,-240.97,-0.96
43,Exit long,2026-04-08 11:35,target,6763.1,1,6758.42,-0.32,0.00,2.18,0.03,-6.58,-0.10,-241.29,-0.97
43,Entry long,2026-04-08 11:20,L,6758.42,1,6758.42,-0.32,0.00,2.18,0.03,-6.58,-0.10,-241.29,-0.97
44,Exit long,2026-04-08 12:40,target,6780.66,1,6772.98,2.68,0.04,5.18,0.08,-4.4,-0.06,-238.61,-0.95
44,Entry long,2026-04-08 12:22,L,6772.98,1,6772.98,2.68,0.04,5.18,0.08,-4.4,-0.06,-238.61,-0.95
45,Exit long,2026-04-08 14:01,target,6784.37,1,6780.17,-0.8,-0.01,1.7,0.03,-4.22,-0.06,-239.41,-0.96
45,Entry long,2026-04-08 13:45,L,6780.17,1,6780.17,-0.8,-0.01,1.7,0.03,-4.22,-0.06,-239.41,-0.96
46,Exit long,2026-04-08 14:07,target,6787.95,1,6784.41,-1.46,-0.02,1.04,0.02,-2.89,-0.04,-240.87,-0.96
46,Entry long,2026-04-08 14:02,L,6784.41,1,6784.41,-1.46,-0.02,1.04,0.02,-2.89,-0.04,-240.87,-0.96
47,Exit short,2026-04-08 15:31,stop,6767.2,1,6762.91,-9.29,-0.14,1.9,0.03,-6.79,-0.10,-250.16,-1.00
47,Entry short,2026-04-08 15:19,S,6762.91,1,6762.91,-9.29,-0.14,1.9,0.03,-6.79,-0.10,-250.16,-1.00
48,Exit long,2026-04-09 10:15,stop,6770.33,1,6778.24,-12.91,-0.19,1.71,0.03,-10.41,-0.15,-263.07,-1.05
48,Entry long,2026-04-09 09:42,L,6778.24,1,6778.24,-12.91,-0.19,1.71,0.03,-10.41,-0.15,-263.07,-1.05
49,Exit short,2026-04-09 10:45,stop,6770.41,1,6766.93,-8.48,-0.13,0,0.00,-5.98,-0.09,-271.55,-1.09
49,Entry short,2026-04-09 10:42,S,6766.93,1,6766.93,-8.48,-0.13,0,0.00,-5.98,-0.09,-271.55,-1.09
50,Exit long,2026-04-09 13:04,target,6824.73,1,6822.52,-2.79,-0.04,0,0.00,-4.13,-0.06,-274.34,-1.10
50,Entry long,2026-04-09 12:52,L,6822.52,1,6822.52,-2.79,-0.04,0,0.00,-4.13,-0.06,-274.34,-1.10
51,Exit long,2026-04-09 13:38,target,6833.65,1,6828.71,-0.06,0.00,2.44,0.04,-3.15,-0.05,-274.4,-1.10
51,Entry long,2026-04-09 13:36,L,6828.71,1,6828.71,-0.06,0.00,2.44,0.04,-3.15,-0.05,-274.4,-1.10
52,Exit short,2026-04-09 14:58,stop,6816.54,1,6812.87,-8.67,-0.13,0,0.00,-6.17,-0.09,-283.07,-1.13
52,Entry short,2026-04-09 14:52,S,6812.87,1,6812.87,-8.67,-0.13,0,0.00,-6.17,-0.09,-283.07,-1.13
53,Exit short,2026-04-09 15:01,stop,6816.07,1,6815.33,-5.74,-0.08,0,0.00,-3.24,-0.05,-288.81,-1.16
53,Entry short,2026-04-09 15:01,S,6815.33,1,6815.33,-5.74,-0.08,0,0.00,-3.24,-0.05,-288.81,-1.16
54,Exit long,2026-04-10 10:00,stop,6829.3,1,6832.79,-8.49,-0.12,0,0.00,-5.99,-0.09,-297.3,-1.19
54,Entry long,2026-04-10 10:00,L,6832.79,1,6832.79,-8.49,-0.12,0,0.00,-5.99,-0.09,-297.3,-1.19
55,Exit long,2026-04-10 10:10,stop,6828.04,1,6829.92,-6.88,-0.10,0,0.00,-4.38,-0.06,-304.18,-1.22
55,Entry long,2026-04-10 10:09,L,6829.92,1,6829.92,-6.88,-0.10,0,0.00,-4.38,-0.06,-304.18,-1.22
56,Exit long,2026-04-10 10:13,target,6833.06,1,6831,-2.94,-0.04,0,0.00,-2.79,-0.04,-307.12,-1.23
56,Entry long,2026-04-10 10:13,L,6831,1,6831,-2.94,-0.04,0,0.00,-2.79,-0.04,-307.12,-1.23
57,Exit long,2026-04-10 10:30,target,6840.76,1,6834.66,1.1,0.02,3.6,0.05,-3.75,-0.05,-306.02,-1.22
57,Entry long,2026-04-10 10:14,L,6834.66,1,6834.66,1.1,0.02,3.6,0.05,-3.75,-0.05,-306.02,-1.22
58,Exit long,2026-04-10 11:06,stop,6832.66,1,6837.12,-9.46,-0.14,0,0.00,-6.96,-0.10,-315.48,-1.26
58,Entry long,2026-04-10 10:58,L,6837.12,1,6837.12,-9.46,-0.14,0,0.00,-6.96,-0.10,-315.48,-1.26
59,Exit long,2026-04-10 11:09,target,6838.76,1,6836.34,-2.58,-0.04,0,0.00,-2.6,-0.04,-318.06,-1.27
59,Entry long,2026-04-10 11:08,L,6836.34,1,6836.34,-2.58,-0.04,0,0.00,-2.6,-0.04,-318.06,-1.27
60,Exit short,2026-04-10 12:53,stop,6817.88,1,6815.17,-7.71,-0.11,0,0.00,-5.21,-0.08,-325.77,-1.30
60,Entry short,2026-04-10 12:52,S,6815.17,1,6815.17,-7.71,-0.11,0,0.00,-5.21,-0.08,-325.77,-1.30
61,Exit short,2026-04-10 13:30,target,6809.04,1,6816.19,2.15,0.03,4.65,0.07,-3.46,-0.05,-323.62,-1.29
61,Entry short,2026-04-10 13:01,S,6816.19,1,6816.19,2.15,0.03,4.65,0.07,-3.46,-0.05,-323.62,-1.29
62,Exit short,2026-04-10 13:42,stop,6813.96,1,6811.88,-7.08,-0.10,0,0.00,-4.58,-0.07,-330.7,-1.32
62,Entry short,2026-04-10 13:41,S,6811.88,1,6811.88,-7.08,-0.10,0,0.00,-4.58,-0.07,-330.7,-1.32
63,Exit short,2026-04-10 14:15,stop,6816.53,1,6813.86,-7.67,-0.11,0,0.00,-5.17,-0.08,-338.37,-1.35
63,Entry short,2026-04-10 14:05,S,6813.86,1,6813.86,-7.67,-0.11,0,0.00,-5.17,-0.08,-338.37,-1.35
64,Exit short,2026-04-10 14:59,stop,6816.98,1,6813.71,-8.27,-0.12,0,0.00,-5.77,-0.08,-346.64,-1.39
64,Entry short,2026-04-10 14:42,S,6813.71,1,6813.71,-8.27,-0.12,0,0.00,-5.77,-0.08,-346.64,-1.39
65,Exit short,2026-04-13 09:33,target,6795.04,1,6800.22,0.18,0.00,2.68,0.04,-2.88,-0.04,-346.46,-1.39
65,Entry short,2026-04-13 09:31,S,6800.22,1,6800.22,0.18,0.00,2.68,0.04,-2.88,-0.04,-346.46,-1.39
66,Exit long,2026-04-13 10:31,target,6821.11,1,6817.61,-1.5,-0.02,1,0.01,-4.26,-0.06,-347.96,-1.39
66,Entry long,2026-04-13 10:25,L,6817.61,1,6817.61,-1.5,-0.02,1,0.01,-4.26,-0.06,-347.96,-1.39
67,Exit long,2026-04-13 11:08,stop,6821.11,1,6823.58,-7.47,-0.11,0,0.00,-4.97,-0.07,-355.43,-1.42
67,Entry long,2026-04-13 11:08,L,6823.58,1,6823.58,-7.47,-0.11,0,0.00,-4.97,-0.07,-355.43,-1.42
68,Exit long,2026-04-13 11:19,stop,6820.81,1,6826.66,-10.85,-0.16,0,0.00,-8.35,-0.12,-366.28,-1.47
68,Entry long,2026-04-13 11:12,L,6826.66,1,6826.66,-10.85,-0.16,0,0.00,-8.35,-0.12,-366.28,-1.47
69,Exit long,2026-04-13 11:24,stop,6820.87,1,6823.79,-7.92,-0.12,0,0.00,-5.42,-0.08,-374.2,-1.50
69,Entry long,2026-04-13 11:21,L,6823.79,1,6823.79,-7.92,-0.12,0,0.00,-5.42,-0.08,-374.2,-1.50
70,Exit long,2026-04-13 11:42,stop,6820.07,1,6823.63,-8.56,-0.13,0,0.00,-6.06,-0.09,-382.76,-1.53
70,Entry long,2026-04-13 11:40,L,6823.63,1,6823.63,-8.56,-0.13,0,0.00,-6.06,-0.09,-382.76,-1.53
71,Exit long,2026-04-13 13:44,stop,6845.23,1,6847.98,-7.75,-0.11,0,0.00,-5.25,-0.08,-390.51,-1.56
71,Entry long,2026-04-13 13:39,L,6847.98,1,6847.98,-7.75,-0.11,0,0.00,-5.25,-0.08,-390.51,-1.56
72,Exit long,2026-04-13 13:56,stop,6845.63,1,6846.96,-6.33,-0.09,0,0.00,-3.83,-0.06,-396.84,-1.59
72,Entry long,2026-04-13 13:56,L,6846.96,1,6846.96,-6.33,-0.09,0,0.00,-3.83,-0.06,-396.84,-1.59
73,Exit long,2026-04-13 14:43,target,6850.64,1,6847.23,-1.59,-0.02,0.91,0.01,-3.39,-0.05,-398.43,-1.59
73,Entry long,2026-04-13 14:01,L,6847.23,1,6847.23,-1.59,-0.02,0.91,0.01,-3.39,-0.05,-398.43,-1.59
74,Exit long,2026-04-14 11:20,target,6940.97,1,6936.16,-0.19,0.00,2.31,0.03,-2.89,-0.04,-398.62,-1.59
74,Entry long,2026-04-14 11:16,L,6936.16,1,6936.16,-0.19,0.00,2.31,0.03,-2.89,-0.04,-398.62,-1.59
75,Exit long,2026-04-14 13:07,stop,6955.79,1,6957.37,-6.58,-0.09,0,0.00,-4.08,-0.06,-405.2,-1.62
75,Entry long,2026-04-14 13:06,L,6957.37,1,6957.37,-6.58,-0.09,0,0.00,-4.08,-0.06,-405.2,-1.62
76,Exit long,2026-04-14 13:15,target,6957.8,1,6957.39,-4.59,-0.07,0,0.00,-3.15,-0.05,-409.79,-1.64
76,Entry long,2026-04-14 13:14,L,6957.39,1,6957.39,-4.59,-0.07,0,0.00,-3.15,-0.05,-409.79,-1.64
77,Exit long,2026-04-14 14:10,stop,6961.5,1,6962.76,-6.26,-0.09,0,0.00,-3.76,-0.05,-416.05,-1.66
77,Entry long,2026-04-14 14:10,L,6962.76,1,6962.76,-6.26,-0.09,0,0.00,-3.76,-0.05,-416.05,-1.66
78,Exit short,2026-04-14 15:03,stop,6955.34,1,6953.45,-6.89,-0.10,3.45,0.05,-4.39,-0.06,-422.94,-1.69
78,Entry short,2026-04-14 14:42,S,6953.45,1,6953.45,-6.89,-0.10,3.45,0.05,-4.39,-0.06,-422.94,-1.69
79,Exit long,2026-04-15 09:52,stop,6970.4,1,6976.25,-10.85,-0.16,0,0.00,-8.35,-0.12,-433.79,-1.74
79,Entry long,2026-04-15 09:48,L,6976.25,1,6976.25,-10.85,-0.16,0,0.00,-8.35,-0.12,-433.79,-1.74
80,Exit long,2026-04-15 10:13,target,6981.47,1,6978.75,-2.28,-0.03,0.22,0.00,-4.1,-0.06,-436.07,-1.74
80,Entry long,2026-04-15 10:10,L,6978.75,1,6978.75,-2.28,-0.03,0.22,0.00,-4.1,-0.06,-436.07,-1.74
81,Exit long,2026-04-15 10:50,target,6994.7,1,6988.23,1.47,0.02,3.97,0.06,-2.6,-0.04,-434.6,-1.74
81,Entry long,2026-04-15 10:41,L,6988.23,1,6988.23,1.47,0.02,3.97,0.06,-2.6,-0.04,-434.6,-1.74
82,Exit long,2026-04-15 11:12,target,6993.98,1,6993.11,-4.13,-0.06,0,0.00,-2.51,-0.04,-438.73,-1.75
82,Entry long,2026-04-15 11:12,L,6993.11,1,6993.11,-4.13,-0.06,0,0.00,-2.51,-0.04,-438.73,-1.75
83,Exit long,2026-04-15 12:00,stop,6992.54,1,6996.24,-8.7,-0.12,0.77,0.01,-6.2,-0.09,-447.43,-1.79
83,Entry long,2026-04-15 11:41,L,6996.24,1,6996.24,-8.7,-0.12,0.77,0.01,-6.2,-0.09,-447.43,-1.79
84,Exit long,2026-04-15 12:18,target,6999.51,1,6996.64,-2.13,-0.03,0.37,0.01,-2.88,-0.04,-449.56,-1.80
84,Entry long,2026-04-15 12:08,L,6996.64,1,6996.64,-2.13,-0.03,0.37,0.01,-2.88,-0.04,-449.56,-1.80
85,Exit long,2026-04-15 12:39,stop,6996.88,1,6998.34,-6.46,-0.09,0,0.00,-3.96,-0.06,-456.02,-1.82
85,Entry long,2026-04-15 12:38,L,6998.34,1,6998.34,-6.46,-0.09,0,0.00,-3.96,-0.06,-456.02,-1.82
86,Exit long,2026-04-15 14:00,stop,6997,1,6999.7,-7.7,-0.11,0.22,0.00,-5.2,-0.07,-463.72,-1.85
86,Entry long,2026-04-15 13:46,L,6999.7,1,6999.7,-7.7,-0.11,0.22,0.00,-5.2,-0.07,-463.72,-1.85
87,Exit long,2026-04-15 14:13,target,7007.67,1,7003.6,-0.93,-0.01,1.57,0.02,-4.55,-0.06,-464.65,-1.86
87,Entry long,2026-04-15 14:03,L,7003.6,1,7003.6,-0.93,-0.01,1.57,0.02,-4.55,-0.06,-464.65,-1.86
88,Exit long,2026-04-15 15:49,stop,7019.85,1,7020.91,-6.06,-0.09,0,0.00,-3.56,-0.05,-470.71,-1.88
88,Entry long,2026-04-15 15:48,L,7020.91,1,7020.91,-6.06,-0.09,0,0.00,-3.56,-0.05,-470.71,-1.88
89,Exit long,2026-04-15 15:53,stop,7019,1,7022.76,-8.76,-0.12,0,0.00,-6.26,-0.09,-479.47,-1.92
89,Entry long,2026-04-15 15:51,L,7022.76,1,7022.76,-8.76,-0.12,0,0.00,-6.26,-0.09,-479.47,-1.92
90,Exit long,2026-04-16 10:16,stop,7020,1,7023.62,-8.62,-0.12,0,0.00,-6.12,-0.09,-488.09,-1.95
90,Entry long,2026-04-16 10:13,L,7023.62,1,7023.62,-8.62,-0.12,0,0.00,-6.12,-0.09,-488.09,-1.95
91,Exit long,2026-04-16 11:37,target,7043.66,1,7035.03,3.63,0.05,6.13,0.09,-2.53,-0.04,-484.46,-1.94
91,Entry long,2026-04-16 11:35,L,7035.03,1,7035.03,3.63,0.05,6.13,0.09,-2.53,-0.04,-484.46,-1.94
92,Exit long,2026-04-16 11:58,target,7046.7,1,7038.53,3.17,0.05,5.67,0.08,-2.56,-0.04,-481.29,-1.93
92,Entry long,2026-04-16 11:51,L,7038.53,1,7038.53,3.17,0.05,5.67,0.08,-2.56,-0.04,-481.29,-1.93
93,Exit short,2026-04-16 13:29,stop,7031.05,1,7030.21,-5.84,-0.08,0,0.00,-3.34,-0.05,-487.13,-1.95
93,Entry short,2026-04-16 13:28,S,7030.21,1,7030.21,-5.84,-0.08,0,0.00,-3.34,-0.05,-487.13,-1.95
94,Exit short,2026-04-16 13:57,target,7029.74,1,7030.01,-4.73,-0.07,0,0.00,-2.67,-0.04,-491.86,-1.97
94,Entry short,2026-04-16 13:57,S,7030.01,1,7030.01,-4.73,-0.07,0,0.00,-2.67,-0.04,-491.86,-1.97
95,Exit short,2026-04-16 14:08,target,7025.25,1,7030.22,-0.03,0.00,2.47,0.04,-3.97,-0.06,-491.89,-1.97
95,Entry short,2026-04-16 14:05,S,7030.22,1,7030.22,-0.03,0.00,2.47,0.04,-3.97,-0.06,-491.89,-1.97
96,Exit short,2026-04-16 14:57,stop,7029.66,1,7028.44,-6.22,-0.09,0,0.00,-3.72,-0.05,-498.11,-1.99
96,Entry short,2026-04-16 14:56,S,7028.44,1,7028.44,-6.22,-0.09,0,0.00,-3.72,-0.05,-498.11,-1.99
97,Exit long,2026-04-16 15:19,target,7035.12,1,7033.51,-3.39,-0.05,0,0.00,-3.69,-0.05,-501.5,-2.01
97,Entry long,2026-04-16 15:16,L,7033.51,1,7033.51,-3.39,-0.05,0,0.00,-3.69,-0.05,-501.5,-2.01
98,Exit long,2026-04-16 15:32,target,7035.33,1,7034.64,-4.31,-0.06,0,0.00,-3.05,-0.04,-505.81,-2.02
98,Entry long,2026-04-16 15:32,L,7034.64,1,7034.64,-4.31,-0.06,0,0.00,-3.05,-0.04,-505.81,-2.02
99,Exit long,2026-04-17 11:19,stop,7127.09,1,7130.63,-8.54,-0.12,0,0.00,-6.04,-0.08,-514.35,-2.06
99,Entry long,2026-04-17 11:17,L,7130.63,1,7130.63,-8.54,-0.12,0,0.00,-6.04,-0.08,-514.35,-2.06
100,Exit long,2026-04-17 11:30,target,7131.33,1,7129.39,-3.06,-0.04,0,0.00,-4.48,-0.06,-517.41,-2.07
100,Entry long,2026-04-17 11:24,L,7129.39,1,7129.39,-3.06,-0.04,0,0.00,-4.48,-0.06,-517.41,-2.07
101,Exit long,2026-04-17 12:03,target,7137.32,1,7135.73,-3.41,-0.05,0,0.00,-9.02,-0.13,-520.82,-2.08
101,Entry long,2026-04-17 11:51,L,7135.73,1,7135.73,-3.41,-0.05,0,0.00,-9.02,-0.13,-520.82,-2.08
102,Exit long,2026-04-17 12:30,target,7140.1,1,7136.78,-1.68,-0.02,0.82,0.01,-3.69,-0.05,-522.5,-2.09
102,Entry long,2026-04-17 12:19,L,7136.78,1,7136.78,-1.68,-0.02,0.82,0.01,-3.69,-0.05,-522.5,-2.09
103,Exit short,2026-04-17 14:06,target,7121.86,1,7126.83,-0.03,0.00,2.47,0.03,-4.06,-0.06,-522.53,-2.09
103,Entry short,2026-04-17 14:00,S,7126.83,1,7126.83,-0.03,0.00,2.47,0.03,-4.06,-0.06,-522.53,-2.09
104,Exit short,2026-04-17 14:44,stop,7124.12,1,7122.48,-6.64,-0.09,0,0.00,-4.14,-0.06,-529.17,-2.12
104,Entry short,2026-04-17 14:43,S,7122.48,1,7122.48,-6.64,-0.09,0,0.00,-4.14,-0.06,-529.17,-2.12
105,Exit short,2026-04-17 14:50,target,7121.79,1,7123.12,-3.67,-0.05,0,0.00,-2.57,-0.04,-532.84,-2.13
105,Entry short,2026-04-17 14:50,S,7123.12,1,7123.12,-3.67,-0.05,0,0.00,-2.57,-0.04,-532.84,-2.13
106,Exit short,2026-04-17 14:52,target,7118.44,1,7121.45,-1.99,-0.03,0.51,0.01,-3.19,-0.04,-534.83,-2.14
106,Entry short,2026-04-17 14:51,S,7121.45,1,7121.45,-1.99,-0.03,0.51,0.01,-3.19,-0.04,-534.83,-2.14
107,Exit short,2026-04-17 15:06,target,7117.25,1,7120.91,-1.34,-0.02,1.16,0.02,-4.16,-0.06,-536.17,-2.14
107,Entry short,2026-04-17 14:59,S,7120.91,1,7120.91,-1.34,-0.02,1.16,0.02,-4.16,-0.06,-536.17,-2.14
108,Exit short,2026-04-20 10:05,stop,7118.03,1,7116.42,-6.61,-0.09,0,0.00,-4.11,-0.06,-542.78,-2.17
108,Entry short,2026-04-20 10:05,S,7116.42,1,7116.42,-6.61,-0.09,0,0.00,-4.11,-0.06,-542.78,-2.17
109,Exit short,2026-04-20 10:09,stop,7117.6,1,7114.33,-8.27,-0.12,0,0.00,-5.77,-0.08,-551.05,-2.20
109,Entry short,2026-04-20 10:09,S,7114.33,1,7114.33,-8.27,-0.12,0,0.00,-5.77,-0.08,-551.05,-2.20
110,Exit short,2026-04-20 10:23,stop,7118.41,1,7112.67,-10.74,-0.15,0,0.00,-8.24,-0.12,-561.79,-2.25
110,Entry short,2026-04-20 10:12,S,7112.67,1,7112.67,-10.74,-0.15,0,0.00,-8.24,-0.12,-561.79,-2.25
111,Exit short,2026-04-20 10:31,target,7111.39,1,7113.46,-2.93,-0.04,0,0.00,-2.59,-0.04,-564.72,-2.26
111,Entry short,2026-04-20 10:29,S,7113.46,1,7113.46,-2.93,-0.04,0,0.00,-2.59,-0.04,-564.72,-2.26
112,Exit short,2026-04-20 11:39,stop,7100.13,1,7097.4,-7.73,-0.11,0,0.00,-5.23,-0.07,-572.45,-2.29
112,Entry short,2026-04-20 11:37,S,7097.4,1,7097.4,-7.73,-0.11,0,0.00,-5.23,-0.07,-572.45,-2.29
113,Exit short,2026-04-20 11:47,stop,7100.15,1,7099.3,-5.85,-0.08,0,0.00,-3.35,-0.05,-578.3,-2.31
113,Entry short,2026-04-20 11:45,S,7099.3,1,7099.3,-5.85,-0.08,0,0.00,-3.35,-0.05,-578.3,-2.31
114,Exit short,2026-04-20 11:55,stop,7099.95,1,7096.38,-8.57,-0.12,0,0.00,-6.07,-0.09,-586.87,-2.35
114,Entry short,2026-04-20 11:51,S,7096.38,1,7096.38,-8.57,-0.12,0,0.00,-6.07,-0.09,-586.87,-2.35
115,Exit short,2026-04-20 12:17,target,7094.59,1,7095.25,-4.34,-0.06,0,0.00,-3.11,-0.04,-591.21,-2.36
115,Entry short,2026-04-20 12:17,S,7095.25,1,7095.25,-4.34,-0.06,0,0.00,-3.11,-0.04,-591.21,-2.36
116,Exit short,2026-04-20 12:52,stop,7101.39,1,7099.65,-6.74,-0.09,0,0.00,-4.24,-0.06,-597.95,-2.39
116,Entry short,2026-04-20 12:51,S,7099.65,1,7099.65,-6.74,-0.09,0,0.00,-4.24,-0.06,-597.95,-2.39
117,Exit short,2026-04-20 13:02,target,7097.88,1,7099.07,-3.81,-0.05,0,0.00,-4.44,-0.06,-601.76,-2.41
117,Entry short,2026-04-20 12:56,S,7099.07,1,7099.07,-3.81,-0.05,0,0.00,-4.44,-0.06,-601.76,-2.41
118,Exit short,2026-04-20 13:06,stop,7100.6,1,7098.69,-6.91,-0.10,0,0.00,-4.41,-0.06,-608.67,-2.43
118,Entry short,2026-04-20 13:05,S,7098.69,1,7098.69,-6.91,-0.10,0,0.00,-4.41,-0.06,-608.67,-2.43
119,Exit long,2026-04-20 13:42,stop,7101.57,1,7102.81,-6.24,-0.09,0.31,0.00,-3.74,-0.05,-614.91,-2.46
119,Entry long,2026-04-20 13:40,L,7102.81,1,7102.81,-6.24,-0.09,0.31,0.00,-3.74,-0.05,-614.91,-2.46
120,Exit long,2026-04-20 13:52,stop,7102.57,1,7103.81,-6.24,-0.09,0,0.00,-3.74,-0.05,-621.15,-2.48
120,Entry long,2026-04-20 13:49,L,7103.81,1,7103.81,-6.24,-0.09,0,0.00,-3.74,-0.05,-621.15,-2.48
121,Exit long,2026-04-20 14:11,stop,7101.15,1,7104.93,-8.78,-0.12,0,0.00,-6.28,-0.09,-629.93,-2.52
121,Entry long,2026-04-20 14:07,L,7104.93,1,7104.93,-8.78,-0.12,0,0.00,-6.28,-0.09,-629.93,-2.52
122,Exit long,2026-04-20 14:20,target,7109.06,1,7105.87,-1.81,-0.03,0.69,0.01,-3.28,-0.05,-631.74,-2.53
122,Entry long,2026-04-20 14:15,L,7105.87,1,7105.87,-1.81,-0.03,0.69,0.01,-3.28,-0.05,-631.74,-2.53
123,Exit long,2026-04-20 14:45,stop,7105.36,1,7106.25,-5.89,-0.08,0,0.00,-3.39,-0.05,-637.63,-2.55
123,Entry long,2026-04-20 14:44,L,7106.25,1,7106.25,-5.89,-0.08,0,0.00,-3.39,-0.05,-637.63,-2.55
124,Exit long,2026-04-20 15:03,stop,7106.45,1,7108.11,-6.66,-0.09,0,0.00,-4.16,-0.06,-644.29,-2.58
124,Entry long,2026-04-20 15:01,L,7108.11,1,7108.11,-6.66,-0.09,0,0.00,-4.16,-0.06,-644.29,-2.58
125,Exit long,2026-04-20 15:16,stop,7106.83,1,7108.23,-6.4,-0.09,0,0.00,-3.9,-0.05,-650.69,-2.60
125,Entry long,2026-04-20 15:15,L,7108.23,1,7108.23,-6.4,-0.09,0,0.00,-3.9,-0.05,-650.69,-2.60
126,Exit short,2026-04-20 15:53,stop,7103.78,1,7101.57,-7.21,-0.10,0,0.00,-4.71,-0.07,-657.9,-2.63
126,Entry short,2026-04-20 15:53,S,7101.57,1,7101.57,-7.21,-0.10,0,0.00,-4.71,-0.07,-657.9,-2.63
127,Exit short,2026-04-21 12:01,stop,7097.55,1,7094.48,-8.07,-0.11,3.43,0.05,-5.57,-0.08,-665.97,-2.66
127,Entry short,2026-04-21 11:50,S,7094.48,1,7094.48,-8.07,-0.11,3.43,0.05,-5.57,-0.08,-665.97,-2.66
128,Exit short,2026-04-21 12:24,target,7088.55,1,7092.68,-0.87,-0.01,1.63,0.02,-5.41,-0.08,-666.84,-2.67
128,Entry short,2026-04-21 12:12,S,7092.68,1,7092.68,-0.87,-0.01,1.63,0.02,-5.41,-0.08,-666.84,-2.67
129,Exit short,2026-04-21 12:42,target,7086.57,1,7088.39,-3.18,-0.04,0,0.00,-3.81,-0.05,-670.02,-2.68
129,Entry short,2026-04-21 12:38,S,7088.39,1,7088.39,-3.18,-0.04,0,0.00,-3.81,-0.05,-670.02,-2.68
130,Exit short,2026-04-21 12:58,target,7081.03,1,7088.57,2.54,0.04,5.04,0.07,-3.2,-0.05,-667.48,-2.67
130,Entry short,2026-04-21 12:51,S,7088.57,1,7088.57,2.54,0.04,5.04,0.07,-3.2,-0.05,-667.48,-2.67
131,Exit short,2026-04-21 13:37,stop,7075.64,1,7073.93,-6.71,-0.09,0,0.00,-4.21,-0.06,-674.19,-2.70
131,Entry short,2026-04-21 13:36,S,7073.93,1,7073.93,-6.71,-0.09,0,0.00,-4.21,-0.06,-674.19,-2.70
132,Exit short,2026-04-21 13:59,stop,7081.64,1,7078.51,-8.13,-0.11,0,0.00,-5.63,-0.08,-682.32,-2.73
132,Entry short,2026-04-21 13:56,S,7078.51,1,7078.51,-8.13,-0.11,0,0.00,-5.63,-0.08,-682.32,-2.73
133,Exit short,2026-04-21 14:44,stop,7078.86,1,7077.1,-6.76,-0.10,0,0.00,-4.26,-0.06,-689.08,-2.76
133,Entry short,2026-04-21 14:43,S,7077.1,1,7077.1,-6.76,-0.10,0,0.00,-4.26,-0.06,-689.08,-2.76
134,Exit short,2026-04-21 14:48,target,7076.1,1,7077.24,-3.86,-0.05,0,0.00,-2.75,-0.04,-692.94,-2.77
134,Entry short,2026-04-21 14:48,S,7077.24,1,7077.24,-3.86,-0.05,0,0.00,-2.75,-0.04,-692.94,-2.77
135,Exit short,2026-04-21 14:54,stop,7078.67,1,7076.12,-7.55,-0.11,0,0.00,-5.05,-0.07,-700.49,-2.80
135,Entry short,2026-04-21 14:49,S,7076.12,1,7076.12,-7.55,-0.11,0,0.00,-5.05,-0.07,-700.49,-2.80
136,Exit long,2026-04-22 10:40,target,7130.04,1,7124.45,0.59,0.01,3.09,0.04,-2.53,-0.04,-699.9,-2.80
136,Entry long,2026-04-22 10:37,L,7124.45,1,7124.45,0.59,0.01,3.09,0.04,-2.53,-0.04,-699.9,-2.80
137,Exit long,2026-04-22 10:53,stop,7120.04,1,7125.54,-10.5,-0.15,0,0.00,-8,-0.11,-710.4,-2.84
137,Entry long,2026-04-22 10:48,L,7125.54,1,7125.54,-10.5,-0.15,0,0.00,-8,-0.11,-710.4,-2.84
138,Exit long,2026-04-22 11:18,stop,7119.83,1,7124.75,-9.92,-0.14,0,0.00,-7.42,-0.10,-720.32,-2.88
138,Entry long,2026-04-22 11:09,L,7124.75,1,7124.75,-9.92,-0.14,0,0.00,-7.42,-0.10,-720.32,-2.88
139,Exit long,2026-04-22 11:22,target,7125.99,1,7123.72,-2.73,-0.04,0,0.00,-2.89,-0.04,-723.05,-2.89
139,Entry long,2026-04-22 11:21,L,7123.72,1,7123.72,-2.73,-0.04,0,0.00,-2.89,-0.04,-723.05,-2.89
140,Exit long,2026-04-22 11:29,target,7125.99,1,7125.12,-4.13,-0.06,0,0.00,-3.19,-0.04,-727.18,-2.91
140,Entry long,2026-04-22 11:29,L,7125.12,1,7125.12,-4.13,-0.06,0,0.00,-3.19,-0.04,-727.18,-2.91
141,Exit long,2026-04-22 11:36,stop,7122.78,1,7126.53,-8.75,-0.12,0,0.00,-6.25,-0.09,-735.93,-2.94
141,Entry long,2026-04-22 11:30,L,7126.53,1,7126.53,-8.75,-0.12,0,0.00,-6.25,-0.09,-735.93,-2.94
142,Exit long,2026-04-22 11:58,stop,7120.6,1,7124.37,-8.77,-0.12,0,0.00,-6.27,-0.09,-744.7,-2.98
142,Entry long,2026-04-22 11:57,L,7124.37,1,7124.37,-8.77,-0.12,0,0.00,-6.27,-0.09,-744.7,-2.98
143,Exit long,2026-04-22 12:06,target,7124.48,1,7124.26,-4.78,-0.07,0,0.00,-2.92,-0.04,-749.48,-3.00
143,Entry long,2026-04-22 12:06,L,7124.26,1,7124.26,-4.78,-0.07,0,0.00,-2.92,-0.04,-749.48,-3.00
144,Exit long,2026-04-22 12:16,stop,7122.16,1,7123.43,-6.27,-0.09,0,0.00,-3.77,-0.05,-755.75,-3.02
144,Entry long,2026-04-22 12:15,L,7123.43,1,7123.43,-6.27,-0.09,0,0.00,-3.77,-0.05,-755.75,-3.02
145,Exit short,2026-04-22 12:58,target,7112.6,1,7114.18,-3.42,-0.05,0,0.00,-6.36,-0.09,-759.17,-3.04
145,Entry short,2026-04-22 12:43,S,7114.18,1,7114.18,-3.42,-0.05,0,0.00,-6.36,-0.09,-759.17,-3.04
146,Exit long,2026-04-22 14:16,stop,7122.38,1,7125.18,-7.8,-0.11,0,0.00,-5.3,-0.07,-766.97,-3.07
146,Entry long,2026-04-22 13:48,L,7125.18,1,7125.18,-7.8,-0.11,0,0.00,-5.3,-0.07,-766.97,-3.07
147,Exit short,2026-04-22 14:35,stop,7122.27,1,7120.59,-6.68,-0.09,0,0.00,-4.18,-0.06,-773.65,-3.09
147,Entry short,2026-04-22 14:35,S,7120.59,1,7120.59,-6.68,-0.09,0,0.00,-4.18,-0.06,-773.65,-3.09
148,Exit long,2026-04-22 15:47,target,7129.82,1,7128.07,-3.25,-0.05,0,0.00,-3.11,-0.04,-776.9,-3.11
148,Entry long,2026-04-22 15:38,L,7128.07,1,7128.07,-3.25,-0.05,0,0.00,-3.11,-0.04,-776.9,-3.11
149,Exit long,2026-04-23 09:50,stop,7128.81,1,7132.86,-9.05,-0.13,1.48,0.02,-6.55,-0.09,-785.95,-3.14
149,Entry long,2026-04-23 09:47,L,7132.86,1,7132.86,-9.05,-0.13,1.48,0.02,-6.55,-0.09,-785.95,-3.14
150,Exit long,2026-04-23 10:31,target,7132.99,1,7131.87,-3.88,-0.05,0,0.00,-2.93,-0.04,-789.83,-3.16
150,Entry long,2026-04-23 10:31,L,7131.87,1,7131.87,-3.88,-0.05,0,0.00,-2.93,-0.04,-789.83,-3.16
151,Exit long,2026-04-23 10:45,target,7135.64,1,7130.7,-0.06,0.00,2.44,0.03,-4.62,-0.06,-789.89,-3.16
151,Entry long,2026-04-23 10:41,L,7130.7,1,7130.7,-0.06,0.00,2.44,0.03,-4.62,-0.06,-789.89,-3.16
152,Exit long,2026-04-23 11:43,stop,7141.99,1,7143.37,-6.38,-0.09,0,0.00,-3.88,-0.05,-796.27,-3.19
152,Entry long,2026-04-23 11:42,L,7143.37,1,7143.37,-6.38,-0.09,0,0.00,-3.88,-0.05,-796.27,-3.19
153,Exit short,2026-04-23 12:34,stop,7134.63,1,7132.64,-6.99,-0.10,1.71,0.02,-4.49,-0.06,-803.26,-3.21
153,Entry short,2026-04-23 12:18,S,7132.64,1,7132.64,-6.99,-0.10,1.71,0.02,-4.49,-0.06,-803.26,-3.21
154,Exit short,2026-04-23 12:51,stop,7133.13,1,7132.18,-5.95,-0.08,0,0.00,-3.45,-0.05,-809.21,-3.24
154,Entry short,2026-04-23 12:51,S,7132.18,1,7132.18,-5.95,-0.08,0,0.00,-3.45,-0.05,-809.21,-3.24
155,Exit short,2026-04-23 13:04,target,7114.54,1,7119.81,0.27,0.00,2.77,0.04,-6.17,-0.09,-808.94,-3.24
155,Entry short,2026-04-23 13:02,S,7119.81,1,7119.81,0.27,0.00,2.77,0.04,-6.17,-0.09,-808.94,-3.24
156,Exit short,2026-04-23 13:05,target,7109.62,1,7116.05,1.43,0.02,3.93,0.06,-2.64,-0.04,-807.51,-3.23
156,Entry short,2026-04-23 13:05,S,7116.05,1,7116.05,1.43,0.02,3.93,0.06,-2.64,-0.04,-807.51,-3.23
157,Exit short,2026-04-23 15:52,stop,7102.83,1,7100.36,-7.47,-0.11,0,0.00,-4.97,-0.07,-814.98,-3.26
157,Entry short,2026-04-23 15:51,S,7100.36,1,7100.36,-7.47,-0.11,0,0.00,-4.97,-0.07,-814.98,-3.26
158,Exit long,2026-04-24 10:03,stop,7116.13,1,7121.24,-10.11,-0.14,0,0.00,-7.61,-0.11,-825.09,-3.30
158,Entry long,2026-04-24 09:58,L,7121.24,1,7121.24,-10.11,-0.14,0,0.00,-7.61,-0.11,-825.09,-3.30
159,Exit long,2026-04-24 10:09,target,7123.74,1,7121.78,-3.04,-0.04,0,0.00,-2.51,-0.04,-828.13,-3.31
159,Entry long,2026-04-24 10:09,L,7121.78,1,7121.78,-3.04,-0.04,0,0.00,-2.51,-0.04,-828.13,-3.31
160,Exit long,2026-04-24 10:38,target,7130.06,1,7126.42,-1.36,-0.02,1.14,0.02,-6.41,-0.09,-829.49,-3.32
160,Entry long,2026-04-24 10:37,L,7126.42,1,7126.42,-1.36,-0.02,1.14,0.02,-6.41,-0.09,-829.49,-3.32
161,Exit long,2026-04-24 10:46,target,7137.77,1,7130.38,2.39,0.03,4.89,0.07,-3.72,-0.05,-827.1,-3.31
161,Entry long,2026-04-24 10:41,L,7130.38,1,7130.38,2.39,0.03,4.89,0.07,-3.72,-0.05,-827.1,-3.31
162,Exit long,2026-04-24 11:44,target,7145.55,1,7143.35,-2.8,-0.04,0,0.00,-4.42,-0.06,-829.9,-3.32
162,Entry long,2026-04-24 11:41,L,7143.35,1,7143.35,-2.8,-0.04,0,0.00,-4.42,-0.06,-829.9,-3.32
163,Exit long,2026-04-24 12:43,stop,7154.23,1,7158.12,-8.89,-0.12,1.83,0.03,-6.39,-0.09,-838.79,-3.36
163,Entry long,2026-04-24 12:21,L,7158.12,1,7158.12,-8.89,-0.12,1.83,0.03,-6.39,-0.09,-838.79,-3.36
164,Exit long,2026-04-24 13:15,stop,7156.3,1,7158.52,-7.22,-0.10,0.65,0.01,-4.72,-0.07,-846.01,-3.38
164,Entry long,2026-04-24 12:52,L,7158.52,1,7158.52,-7.22,-0.10,0.65,0.01,-4.72,-0.07,-846.01,-3.38
165,Exit long,2026-04-24 13:54,target,7162.35,1,7158.65,-1.3,-0.02,1.2,0.02,-5.9,-0.08,-847.31,-3.39
165,Entry long,2026-04-24 13:37,L,7158.65,1,7158.65,-1.3,-0.02,1.2,0.02,-5.9,-0.08,-847.31,-3.39
166,Exit long,2026-04-24 14:13,stop,7157.94,1,7159.74,-6.8,-0.09,0,0.00,-4.3,-0.06,-854.11,-3.42
166,Entry long,2026-04-24 14:08,L,7159.74,1,7159.74,-6.8,-0.09,0,0.00,-4.3,-0.06,-854.11,-3.42
167,Exit long,2026-04-24 14:43,stop,7156.88,1,7158.19,-6.31,-0.09,0,0.00,-3.81,-0.05,-860.42,-3.44
167,Entry long,2026-04-24 14:35,L,7158.19,1,7158.19,-6.31,-0.09,0,0.00,-3.81,-0.05,-860.42,-3.44
168,Exit long,2026-04-24 15:00,target,7160.1,1,7159.01,-3.91,-0.05,0,0.00,-2.6,-0.04,-864.33,-3.46
168,Entry long,2026-04-24 14:59,L,7159.01,1,7159.01,-3.91,-0.05,0,0.00,-2.6,-0.04,-864.33,-3.46
169,Exit long,2026-04-24 15:45,stop,7161.4,1,7161.99,-5.59,-0.08,0,0.00,-3.09,-0.04,-869.92,-3.48
169,Entry long,2026-04-24 15:42,L,7161.99,1,7161.99,-5.59,-0.08,0,0.00,-3.09,-0.04,-869.92,-3.48
170,Exit long,2026-04-24 15:54,target,7163.12,1,7162.96,-4.84,-0.07,0,0.00,-2.74,-0.04,-874.76,-3.50
170,Entry long,2026-04-24 15:54,L,7162.96,1,7162.96,-4.84,-0.07,0,0.00,-2.74,-0.04,-874.76,-3.50
171,Exit long,2026-04-24 15:56,EOD,7164.06,1,7164.82,-5.76,-0.08,0,0.00,-4.21,-0.06,-880.52,-3.52
171,Entry long,2026-04-24 15:55,L,7164.82,1,7164.82,-5.76,-0.08,0,0.00,-4.21,-0.06,-880.52,-3.52
172,Exit long,2026-04-27 09:33,stop,7161.8,1,7163.55,-6.75,-0.09,0,0.00,-4.25,-0.06,-887.27,-3.55
172,Entry long,2026-04-27 09:33,L,7163.55,1,7163.55,-6.75,-0.09,0,0.00,-4.25,-0.06,-887.27,-3.55
173,Exit short,2026-04-27 10:36,stop,7165.59,1,7158.97,-11.62,-0.16,2.73,0.04,-9.12,-0.13,-898.89,-3.60
173,Entry short,2026-04-27 10:27,S,7158.97,1,7158.97,-11.62,-0.16,2.73,0.04,-9.12,-0.13,-898.89,-3.60
174,Exit short,2026-04-27 11:02,target,7156.8,1,7157.71,-4.09,-0.06,0,0.00,-2.51,-0.04,-902.98,-3.61
174,Entry short,2026-04-27 11:02,S,7157.71,1,7157.71,-4.09,-0.06,0,0.00,-2.51,-0.04,-902.98,-3.61
175,Exit short,2026-04-27 11:05,target,7151.9,1,7156.45,-0.45,-0.01,2.05,0.03,-2.83,-0.04,-903.43,-3.61
175,Entry short,2026-04-27 11:03,S,7156.45,1,7156.45,-0.45,-0.01,2.05,0.03,-2.83,-0.04,-903.43,-3.61
176,Exit short,2026-04-27 11:41,stop,7155.39,1,7151.95,-8.44,-0.12,0,0.00,-5.94,-0.08,-911.87,-3.65
176,Entry short,2026-04-27 11:33,S,7151.95,1,7151.95,-8.44,-0.12,0,0.00,-5.94,-0.08,-911.87,-3.65
177,Exit long,2026-04-27 13:00,target,7167.01,1,7165.41,-3.4,-0.05,0,0.00,-2.51,-0.04,-915.27,-3.66
177,Entry long,2026-04-27 13:00,L,7165.41,1,7165.41,-3.4,-0.05,0,0.00,-2.51,-0.04,-915.27,-3.66
178,Exit long,2026-04-27 13:15,target,7167.63,1,7167.12,-4.49,-0.06,0,0.00,-2.99,-0.04,-919.76,-3.68
178,Entry long,2026-04-27 13:13,L,7167.12,1,7167.12,-4.49,-0.06,0,0.00,-2.99,-0.04,-919.76,-3.68
179,Exit long,2026-04-27 13:30,target,7171.35,1,7168.2,-1.85,-0.03,0.65,0.01,-3.52,-0.05,-921.61,-3.69
179,Entry long,2026-04-27 13:24,L,7168.2,1,7168.2,-1.85,-0.03,0.65,0.01,-3.52,-0.05,-921.61,-3.69
180,Exit long,2026-04-27 14:06,target,7174.07,1,7172.38,-3.31,-0.05,0,0.00,-3.76,-0.05,-924.92,-3.70
180,Entry long,2026-04-27 13:58,L,7172.38,1,7172.38,-3.31,-0.05,0,0.00,-3.76,-0.05,-924.92,-3.70
181,Exit long,2026-04-27 14:52,stop,7173.62,1,7174.7,-6.08,-0.08,0,0.00,-3.58,-0.05,-931,-3.72
181,Entry long,2026-04-27 14:51,L,7174.7,1,7174.7,-6.08,-0.08,0,0.00,-3.58,-0.05,-931,-3.72
182,Exit long,2026-04-27 15:17,target,7174.51,1,7173.32,-3.81,-0.05,0,0.00,-2.64,-0.04,-934.81,-3.74
182,Entry long,2026-04-27 15:15,L,7173.32,1,7173.32,-3.81,-0.05,0,0.00,-2.64,-0.04,-934.81,-3.74
183,Exit long,2026-04-27 15:36,stop,7173.99,1,7176.08,-7.09,-0.10,0,0.00,-4.59,-0.06,-941.9,-3.77
183,Entry long,2026-04-27 15:32,L,7176.08,1,7176.08,-7.09,-0.10,0,0.00,-4.59,-0.06,-941.9,-3.77
184,Exit long,2026-04-27 15:45,target,7176.28,1,7174.92,-3.64,-0.05,0,0.00,-2.54,-0.04,-945.54,-3.78
184,Entry long,2026-04-27 15:45,L,7174.92,1,7174.92,-3.64,-0.05,0,0.00,-2.54,-0.04,-945.54,-3.78
185,Exit long,2026-04-27 15:56,EOD,7175.73,1,7176.34,-5.61,-0.08,0,0.00,-4.49,-0.06,-951.15,-3.80
185,Entry long,2026-04-27 15:46,L,7176.34,1,7176.34,-5.61,-0.08,0,0.00,-4.49,-0.06,-951.15,-3.80
186,Exit short,2026-04-28 11:25,target,7121.94,1,7127.31,0.37,0.01,2.87,0.04,-2.51,-0.04,-950.78,-3.80
186,Entry short,2026-04-28 11:21,S,7127.31,1,7127.31,0.37,0.01,2.87,0.04,-2.51,-0.04,-950.78,-3.80
187,Exit short,2026-04-28 12:33,target,7123.94,1,7124.76,-4.18,-0.06,0,0.00,-2.82,-0.04,-954.96,-3.82
187,Entry short,2026-04-28 12:33,S,7124.76,1,7124.76,-4.18,-0.06,0,0.00,-2.82,-0.04,-954.96,-3.82
188,Exit short,2026-04-28 13:27,stop,7124.42,1,7122.34,-7.08,-0.10,2.13,0.03,-4.58,-0.06,-962.04,-3.85
188,Entry short,2026-04-28 13:03,S,7122.34,1,7122.34,-7.08,-0.10,2.13,0.03,-4.58,-0.06,-962.04,-3.85
189,Exit long,2026-04-28 14:54,target,7138.83,1,7134.22,-0.39,-0.01,2.11,0.03,-2.76,-0.04,-962.43,-3.85
189,Entry long,2026-04-28 14:40,L,7134.22,1,7134.22,-0.39,-0.01,2.11,0.03,-2.76,-0.04,-962.43,-3.85
190,Exit long,2026-04-28 15:29,stop,7139.03,1,7140.4,-6.37,-0.09,0,0.00,-3.87,-0.05,-968.8,-3.88
190,Entry long,2026-04-28 15:23,L,7140.4,1,7140.4,-6.37,-0.09,0,0.00,-3.87,-0.05,-968.8,-3.88
191,Exit long,2026-04-28 15:50,target,7141.69,1,7140.49,-3.8,-0.05,0,0.00,-4.4,-0.06,-972.6,-3.89
191,Entry long,2026-04-28 15:41,L,7140.49,1,7140.49,-3.8,-0.05,0,0.00,-4.4,-0.06,-972.6,-3.89
192,Exit short,2026-04-29 10:10,stop,7131.98,1,7126.05,-10.93,-0.15,0,0.00,-8.43,-0.12,-983.53,-3.93
192,Entry short,2026-04-29 10:02,S,7126.05,1,7126.05,-10.93,-0.15,0,0.00,-8.43,-0.12,-983.53,-3.93
193,Exit long,2026-04-29 10:55,stop,7138.12,1,7139.43,-6.31,-0.09,0,0.00,-3.81,-0.05,-989.84,-3.96
193,Entry long,2026-04-29 10:54,L,7139.43,1,7139.43,-6.31,-0.09,0,0.00,-3.81,-0.05,-989.84,-3.96
194,Exit short,2026-04-29 11:29,stop,7133.57,1,7131.36,-7.21,-0.10,0,0.00,-4.71,-0.07,-997.05,-3.99
194,Entry short,2026-04-29 11:29,S,7131.36,1,7131.36,-7.21,-0.10,0,0.00,-4.71,-0.07,-997.05,-3.99
195,Exit short,2026-04-29 11:38,target,7129.78,1,7130.64,-4.14,-0.06,0,0.00,-2.77,-0.04,-1001.19,-4.00
195,Entry short,2026-04-29 11:38,S,7130.64,1,7130.64,-4.14,-0.06,0,0.00,-2.77,-0.04,-1001.19,-4.00
196,Exit short,2026-04-29 11:39,target,7129.78,1,7129.89,-4.89,-0.07,0,0.00,-2.95,-0.04,-1006.08,-4.02
196,Entry short,2026-04-29 11:39,S,7129.89,1,7129.89,-4.89,-0.07,0,0.00,-2.95,-0.04,-1006.08,-4.02
197,Exit short,2026-04-29 12:34,target,7114.56,1,7120.54,0.98,0.01,3.48,0.05,-12.2,-0.17,-1005.1,-4.02
197,Entry short,2026-04-29 11:54,S,7120.54,1,7120.54,0.98,0.01,3.48,0.05,-12.2,-0.17,-1005.1,-4.02
198,Exit short,2026-04-29 13:20,stop,7122.03,1,7119.35,-7.68,-0.11,1.02,0.01,-5.18,-0.07,-1012.78,-4.05
198,Entry short,2026-04-29 12:57,S,7119.35,1,7119.35,-7.68,-0.11,1.02,0.01,-5.18,-0.07,-1012.78,-4.05
199,Exit short,2026-04-29 13:28,stop,7120.24,1,7119.08,-6.16,-0.09,0,0.00,-3.66,-0.05,-1018.94,-4.08
199,Entry short,2026-04-29 13:27,S,7119.08,1,7119.08,-6.16,-0.09,0,0.00,-3.66,-0.05,-1018.94,-4.08
200,Exit short,2026-04-29 14:36,stop,7120.42,1,7118.11,-7.31,-0.10,5.01,0.07,-4.81,-0.07,-1026.25,-4.11
200,Entry short,2026-04-29 14:23,S,7118.11,1,7118.11,-7.31,-0.10,5.01,0.07,-4.81,-0.07,-1026.25,-4.11
201,Exit long,2026-04-29 15:41,stop,7128.7,1,7130.91,-7.21,-0.10,0.1,0.00,-4.71,-0.07,-1033.46,-4.13
201,Entry long,2026-04-29 15:38,L,7130.91,1,7130.91,-7.21,-0.10,0.1,0.00,-4.71,-0.07,-1033.46,-4.13
202,Exit long,2026-04-29 15:55,target,7133.51,1,7131.48,-2.97,-0.04,0,0.00,-2.51,-0.04,-1036.43,-4.15
202,Entry long,2026-04-29 15:54,L,7131.48,1,7131.48,-2.97,-0.04,0,0.00,-2.51,-0.04,-1036.43,-4.15
203,Exit long,2026-04-30 09:55,stop,7136.5,1,7143.97,-12.47,-0.17,8.47,0.12,-9.97,-0.14,-1048.9,-4.20
203,Entry long,2026-04-30 09:43,L,7143.97,1,7143.97,-12.47,-0.17,8.47,0.12,-9.97,-0.14,-1048.9,-4.20
204,Exit long,2026-04-30 10:04,stop,7140.21,1,7143.19,-7.98,-0.11,0,0.00,-5.48,-0.08,-1056.88,-4.23
204,Entry long,2026-04-30 10:03,L,7143.19,1,7143.19,-7.98,-0.11,0,0.00,-5.48,-0.08,-1056.88,-4.23
205,Exit long,2026-04-30 10:26,stop,7138.4,1,7144.71,-11.31,-0.16,0,0.00,-8.81,-0.12,-1068.19,-4.27
205,Entry long,2026-04-30 10:23,L,7144.71,1,7144.71,-11.31,-0.16,0,0.00,-8.81,-0.12,-1068.19,-4.27
206,Exit long,2026-04-30 10:31,target,7145.99,1,7142.2,-1.21,-0.02,1.29,0.02,-6.26,-0.09,-1069.4,-4.28
206,Entry long,2026-04-30 10:30,L,7142.2,1,7142.2,-1.21,-0.02,1.29,0.02,-6.26,-0.09,-1069.4,-4.28
207,Exit long,2026-04-30 10:34,stop,7138.43,1,7148.18,-14.75,-0.21,0,0.00,-12.25,-0.17,-1084.15,-4.34
207,Entry long,2026-04-30 10:32,L,7148.18,1,7148.18,-14.75,-0.21,0,0.00,-12.25,-0.17,-1084.15,-4.34
208,Exit long,2026-04-30 10:46,target,7150.31,1,7143.14,2.17,0.03,4.67,0.07,-4.43,-0.06,-1081.98,-4.33
208,Entry long,2026-04-30 10:42,L,7143.14,1,7143.14,2.17,0.03,4.67,0.07,-4.43,-0.06,-1081.98,-4.33
209,Exit long,2026-04-30 11:55,target,7172.37,1,7163.66,3.71,0.05,6.21,0.09,-2.96,-0.04,-1078.27,-4.31
209,Entry long,2026-04-30 11:50,L,7163.66,1,7163.66,3.71,0.05,6.21,0.09,-2.96,-0.04,-1078.27,-4.31
210,Exit long,2026-04-30 12:12,target,7173.07,1,7168.58,-0.51,-0.01,1.99,0.03,-2.56,-0.04,-1078.78,-4.32
210,Entry long,2026-04-30 12:05,L,7168.58,1,7168.58,-0.51,-0.01,1.99,0.03,-2.56,-0.04,-1078.78,-4.32
211,Exit long,2026-04-30 13:08,target,7174.88,1,7174.48,-4.6,-0.06,0,0.00,-6.22,-0.09,-1083.38,-4.33
211,Entry long,2026-04-30 13:02,L,7174.48,1,7174.48,-4.6,-0.06,0,0.00,-6.22,-0.09,-1083.38,-4.33
212,Exit long,2026-04-30 15:44,target,7216.55,1,7212.85,-1.3,-0.02,1.2,0.02,-3.5,-0.05,-1084.68,-4.34
212,Entry long,2026-04-30 15:34,L,7212.85,1,7212.85,-1.3,-0.02,1.2,0.02,-3.5,-0.05,-1084.68,-4.34